emotion,feature_id,eligible,conservative_effect_rank,coverage,cohen_d_all,cohen_d_implicit,conservative_cohen_d,coverage_joyful,cohen_d_joyful,coverage_excited,cohen_d_excited,coverage_content,cohen_d_content,discovery_auc,discovery_implicit_auc,discovery_joyful_auc,discovery_excited_auc,discovery_content_auc,heldout_auc,heldout_implicit_auc,heldout_joyful_auc,heldout_excited_auc,heldout_content_auc,natural_scale,rank_score,rank_score_rank
joy,7435,True,1,0.9966644429619747,1.0980987548828125,1.078803539276123,0.8885961771011353,0.994,1.0025262832641602,1.0,1.4464218616485596,0.9959919839679359,0.8885961771011353,0.7849376882484225,0.7820736837687139,0.7663209302325582,0.8469634551495017,0.7414416873614339,0.7427789987789988,0.7231608669108669,0.7391428571428571,0.8022490842490844,0.686945054945055,38.25,0.8199354561862762,1
joy,3271,True,2,0.6651100733822548,0.9445388317108154,0.6251446604728699,0.6251446604728699,0.736,1.200110673904419,0.61,0.6973927021026611,0.6492985971943888,0.9524946212768555,0.7403300982493312,0.667373736395365,0.7905554817275748,0.6932259136212623,0.7372026444916411,0.7607741147741148,0.670199938949939,0.7956703296703297,0.7005274725274725,0.7861245421245422,12.0,0.7414067462202981,2
joy,7565,True,3,0.5783855903935957,0.6597163081169128,0.6342281103134155,0.5945640802383423,0.524,0.5945640802383423,0.646,0.7808043956756592,0.5651302605210421,0.6036105751991272,0.6678849022271769,0.6631742587875207,0.6426943521594685,0.7057993355481728,0.6551355202098549,0.6548180708180709,0.638877442002442,0.6466739926739926,0.6522930402930402,0.6654871794871795,8.9375,0.7094828423821862,3
joy,14013,True,6,0.6410940627084724,0.6585726737976074,0.5554713606834412,0.545657217502594,0.658,0.7256437540054321,0.642,0.7041167616844177,0.6232464929859719,0.545657217502594,0.6675635362667027,0.6377213628688306,0.6828305647840531,0.677383388704319,0.6424263810012051,0.6993919413919414,0.6508012820512821,0.6963150183150184,0.7048717948717949,0.696989010989011,14.6875,0.704477716495501,4
joy,14456,True,4,0.4609739826551034,0.7704694271087646,0.6534110307693481,0.5739306807518005,0.47,0.7973809242248535,0.386,0.5739306807518005,0.5270541082164328,0.9360176920890808,0.6779130716158501,0.6464402752083271,0.6829561461794019,0.6354186046511628,0.7154395169075692,0.7036727716727718,0.6625000000000001,0.6892747252747253,0.6597509157509157,0.7619926739926739,8.625,0.7032099118127478,5
joy,9355,True,7,0.580386924616411,0.6881662011146545,0.5326199531555176,0.5326199531555176,0.582,0.7368704080581665,0.654,0.7747825384140015,0.5050100200400801,0.5604451894760132,0.6737477255047107,0.6347187379935362,0.6817308970099668,0.7068591362126245,0.6325707894193703,0.6928669108669108,0.6267246642246642,0.6856117216117217,0.7071428571428571,0.6858461538461539,10.125,0.6999455619698414,6
joy,13121,True,8,0.6771180787191461,0.5646588206291199,0.6102995872497559,0.4964630603790283,0.658,0.4964630603790283,0.728,0.6408894658088684,0.6452905811623246,0.5633630156517029,0.6500468751038897,0.6606291306270966,0.6319521594684385,0.6762897009966776,0.6418824359682821,0.6431111111111111,0.6373397435897435,0.6363223443223442,0.6540732600732599,0.6389377289377288,10.25,0.6969568469788275,7
joy,6718,True,5,0.5350233488992662,0.8094633221626282,0.622319757938385,0.5679842233657837,0.65,1.1122033596038818,0.536,0.7564061880111694,0.4188376753507014,0.5679842233657837,0.6920245833878177,0.6408347297153317,0.7622644518272425,0.686043853820598,0.6276366686862096,0.7095238095238096,0.6568185286935287,0.7493626373626373,0.7368937728937729,0.6423150183150184,10.5,0.6968391270249914,8
joy,11153,True,14,0.5663775850567044,0.7539017796516418,0.4094778299331665,0.4094778299331665,0.674,1.0613155364990234,0.514,0.6075241565704346,0.5110220440881763,0.5920140147209167,0.7001072697412893,0.6211197530744619,0.765810631229236,0.668975415282392,0.6654664811350276,0.7073748473748475,0.6171588827838828,0.7283443223443223,0.6974212454212454,0.6963589743589743,11.8125,0.6911304800485908,9
joy,16327,True,12,1.0,0.7280745506286621,0.704861581325531,0.41927510499954224,1.0,0.7699272036552429,1.0,1.026848554611206,1.0,0.41927510499954224,0.6990995104155815,0.695236803786536,0.7058338870431893,0.7704950166112957,0.6208130546807902,0.6738144078144078,0.6776327838827839,0.6553479853479853,0.7408791208791209,0.6252161172161173,65.0,0.6907230057223483,10
joy,6751,True,13,1.0,0.4589724838733673,0.4568656384944916,0.417568176984787,1.0,0.44262856245040894,1.0,0.5164793729782104,1.0,0.417568176984787,0.6339225042608694,0.6336384387642101,0.6285428571428571,0.6483853820598007,0.6248210707128543,0.6247057387057386,0.6232905982905983,0.5981391941391941,0.6605274725274726,0.6154505494505494,72.0,0.6882133211389413,11
joy,8940,True,10,0.7598398932621748,0.512944757938385,0.46123674511909485,0.42003434896469116,0.756,0.45747941732406616,0.716,0.42003434896469116,0.8076152304609219,0.6622646450996399,0.6430331184244646,0.6274197766434528,0.6272332225913622,0.6209142857142858,0.6810278364037043,0.6393553113553113,0.618307387057387,0.6045567765567765,0.6165787545787547,0.696930402930403,12.0,0.6852175975567322,12
joy,13911,True,18,1.0,0.652948796749115,0.7135518789291382,0.37373679876327515,1.0,0.5769225358963013,1.0,1.0185009241104126,1.0,0.37373679876327515,0.6805376341702885,0.69545861059184,0.6620239202657806,0.7671760797342192,0.6122763800025299,0.626014652014652,0.6283157814407814,0.5717948717948719,0.7296190476190477,0.5766300366300366,97.0,0.6803301434195588,13
joy,14193,True,16,0.6677785190126752,0.3980931341648102,0.37854325771331787,0.37854325771331787,0.646,0.3809202313423157,0.654,0.383588045835495,0.7034068136272545,0.4310815632343292,0.6064426117965689,0.600601816426618,0.5997920265780731,0.6015242524916945,0.6180347405775006,0.6013479853479854,0.5734126984126984,0.586901098901099,0.6209157509157508,0.5962271062271063,7.9375,0.66043628775773,14
joy,5399,True,22,1.0,0.4089391529560089,0.3422245383262634,0.3422245383262634,1.0,0.34688600897789,1.0,0.5331748723983765,1.0,0.3464013636112213,0.618554784030993,0.5995699466307642,0.5983740863787375,0.6563754152823921,0.6008794998635144,0.5988278388278389,0.5879464285714286,0.5746300366300366,0.6405421245421246,0.5813113553113552,47.25,0.6602295647818368,15
joy,12090,True,11,0.4603068712474983,0.6308016777038574,0.6867889165878296,0.4197691082954407,0.356,0.4197691082954407,0.39,0.4405796527862549,0.6352705410821643,0.9948124885559082,0.6508924000274823,0.6657713678732052,0.5928644518272425,0.6086239202657808,0.7513898228350387,0.67202442002442,0.6854357448107447,0.6125421245421245,0.5992893772893773,0.8042417582417583,11.0,0.6579536918299906,16
joy,11700,True,9,0.3315543695797198,0.4972954988479614,0.4900818169116974,0.44217362999916077,0.298,0.44217362999916077,0.376,0.5555717945098877,0.32064128256513025,0.5030182600021362,0.6113154062841452,0.6080076453932309,0.595504318936877,0.6309182724252491,0.6075160287352112,0.6465665445665446,0.6269993894993896,0.6382417582417583,0.6298241758241758,0.6716336996336997,7.71875,0.6566358595652916,17
joy,10457,True,24,0.71447631754503,0.41198867559432983,0.33488428592681885,0.32722246646881104,0.696,0.35840684175491333,0.658,0.32722246646881104,0.7895791583166333,0.5632033944129944,0.6146392168422359,0.5913866638254732,0.6012239202657808,0.5870212624584717,0.6557546987663034,0.5924371184371184,0.555982905982906,0.564007326007326,0.5781758241758241,0.6351282051282052,9.5,0.6484851841426953,18
joy,12882,True,15,0.3115410273515677,0.43052318692207336,0.41782626509666443,0.40366873145103455,0.38,0.4680022597312927,0.298,0.40366873145103455,0.2565130260521042,0.42806828022003174,0.6084259938519367,0.5869295416315554,0.6427355481727575,0.5999202657807309,0.5825704565276734,0.6147741147741147,0.5862828144078144,0.6267912087912089,0.6288058608058608,0.5887252747252747,11.4375,0.643413055912867,19
joy,10746,True,35,0.3709139426284189,0.4847910702228546,0.5006886720657349,0.27867385745048523,0.318,0.4291515350341797,0.518,0.7237525582313538,0.27655310621242485,0.27867385745048523,0.6298597736253848,0.641204084861282,0.603441196013289,0.70621926910299,0.579818773760145,0.6294725274725275,0.6380570818070818,0.6074212454212453,0.6918388278388279,0.5891575091575092,9.375,0.6428047511226835,20
